stadtteil,jahr,ew_ins
Altstadt,1988,689
Altstadt,1989,732
Altstadt,1990,763
Altstadt,1991,747
Altstadt,1992,914
Altstadt,1993,923
Altstadt,1994,942
Altstadt,1995,864
Altstadt,1996,808
Altstadt,1997,782
Altstadt,1998,794
Altstadt,1999,721
Altstadt,2000,710
Altstadt,2001,689
Altstadt,2002,718
Altstadt,2003,633
Altstadt,2004,601
Altstadt,2005,622
Altstadt,2006,604
Altstadt,2007,737
Altstadt,2008,653
Altstadt,2009,633
Altstadt,2010,608
Altstadt,2011,611
Altstadt,2012,626
Altstadt,2013,625
Altstadt,2014,654
Altstadt,2015,665
Altstadt,2016,757
Altstadt,2017,835
Altstadt,2018,1006
Altstadt,2019,1139
Altstadt,2020,1175
Altstadt,2021,1153
Vorstadt,1988,1174
Vorstadt,1989,1212
Vorstadt,1990,1209
Vorstadt,1991,1209
Vorstadt,1992,1214
Vorstadt,1993,1208
Vorstadt,1994,1190
Vorstadt,1995,1220
Vorstadt,1996,1160
Vorstadt,1997,1089
Vorstadt,1998,1033
Vorstadt,1999,1045
Vorstadt,2000,1057
Vorstadt,2001,1041
Vorstadt,2002,1013
Vorstadt,2003,1021
Vorstadt,2004,998
Vorstadt,2005,998
Vorstadt,2006,988
Vorstadt,2007,1010
Vorstadt,2008,1103
Vorstadt,2009,1116
Vorstadt,2010,1089
Vorstadt,2011,1087
Vorstadt,2012,1101
Vorstadt,2013,1134
Vorstadt,2014,1165
Vorstadt,2015,1305
Vorstadt,2016,1275
Vorstadt,2017,1318
Vorstadt,2018,1313
Vorstadt,2019,1284
Vorstadt,2020,1276
Vorstadt,2021,1275
Exerzierplatz,1988,6309
Exerzierplatz,1989,6436
Exerzierplatz,1990,6527
Exerzierplatz,1991,6638
Exerzierplatz,1992,6667
Exerzierplatz,1993,6566
Exerzierplatz,1994,6427
Exerzierplatz,1995,6482
Exerzierplatz,1996,6307
Exerzierplatz,1997,6157
Exerzierplatz,1998,6050
Exerzierplatz,1999,5916
Exerzierplatz,2000,5785
Exerzierplatz,2001,5829
Exerzierplatz,2002,5854
Exerzierplatz,2003,5911
Exerzierplatz,2004,5987
Exerzierplatz,2005,5985
Exerzierplatz,2006,6043
Exerzierplatz,2007,6085
Exerzierplatz,2008,6156
Exerzierplatz,2009,6183
Exerzierplatz,2010,6237
Exerzierplatz,2011,6308
Exerzierplatz,2012,6414
Exerzierplatz,2013,6426
Exerzierplatz,2014,6388
Exerzierplatz,2015,6397
Exerzierplatz,2016,6480
Exerzierplatz,2017,6511
Exerzierplatz,2018,6507
Exerzierplatz,2019,6409
Exerzierplatz,2020,6413
Exerzierplatz,2021,6343
Damperhof,1988,3076
Damperhof,1989,3145
Damperhof,1990,3151
Damperhof,1991,3174
Damperhof,1992,3199
Damperhof,1993,3135
Damperhof,1994,3141
Damperhof,1995,3140
Damperhof,1996,3126
Damperhof,1997,3048
Damperhof,1998,3016
Damperhof,1999,2920
Damperhof,2000,2810
Damperhof,2001,2845
Damperhof,2002,2804
Damperhof,2003,2814
Damperhof,2004,2887
Damperhof,2005,3021
Damperhof,2006,3112
Damperhof,2007,3098
Damperhof,2008,3101
Damperhof,2009,3106
Damperhof,2010,3124
Damperhof,2011,3207
Damperhof,2012,3214
Damperhof,2013,3302
Damperhof,2014,3319
Damperhof,2015,3329
Damperhof,2016,3349
Damperhof,2017,3325
Damperhof,2018,3377
Damperhof,2019,3339
Damperhof,2020,3335
Damperhof,2021,3396
Brunswik,1988,6470
Brunswik,1989,6569
Brunswik,1990,6600
Brunswik,1991,6663
Brunswik,1992,6639
Brunswik,1993,6574
Brunswik,1994,6522
Brunswik,1995,6564
Brunswik,1996,6437
Brunswik,1997,6277
Brunswik,1998,6113
Brunswik,1999,5996
Brunswik,2000,5965
Brunswik,2001,5898
Brunswik,2002,5938
Brunswik,2003,5877
Brunswik,2004,5875
Brunswik,2005,5715
Brunswik,2006,5792
Brunswik,2007,5869
Brunswik,2008,6036
Brunswik,2009,6184
Brunswik,2010,6236
Brunswik,2011,6263
Brunswik,2012,6354
Brunswik,2013,6451
Brunswik,2014,6464
Brunswik,2015,6488
Brunswik,2016,6420
Brunswik,2017,6345
Brunswik,2018,6318
Brunswik,2019,6225
Brunswik,2020,6237
Brunswik,2021,6270
Düsternbrook,1988,3110
Düsternbrook,1989,3099
Düsternbrook,1990,3182
Düsternbrook,1991,3267
Düsternbrook,1992,3337
Düsternbrook,1993,3313
Düsternbrook,1994,3247
Düsternbrook,1995,3248
Düsternbrook,1996,3170
Düsternbrook,1997,3078
Düsternbrook,1998,3120
Düsternbrook,1999,3040
Düsternbrook,2000,3061
Düsternbrook,2001,3090
Düsternbrook,2002,3035
Düsternbrook,2003,2972
Düsternbrook,2004,2862
Düsternbrook,2005,3008
Düsternbrook,2006,2972
Düsternbrook,2007,3016
Düsternbrook,2008,2984
Düsternbrook,2009,3032
Düsternbrook,2010,2986
Düsternbrook,2011,2975
Düsternbrook,2012,2987
Düsternbrook,2013,3049
Düsternbrook,2014,3200
Düsternbrook,2015,3192
Düsternbrook,2016,3203
Düsternbrook,2017,3239
Düsternbrook,2018,3158
Düsternbrook,2019,3187
Düsternbrook,2020,3196
Düsternbrook,2021,3135
Blücherplatz,1988,11268
Blücherplatz,1989,11326
Blücherplatz,1990,11416
Blücherplatz,1991,11467
Blücherplatz,1992,11411
Blücherplatz,1993,11260
Blücherplatz,1994,11154
Blücherplatz,1995,11255
Blücherplatz,1996,11179
Blücherplatz,1997,10996
Blücherplatz,1998,10742
Blücherplatz,1999,10588
Blücherplatz,2000,10473
Blücherplatz,2001,10450
Blücherplatz,2002,10388
Blücherplatz,2003,10417
Blücherplatz,2004,10431
Blücherplatz,2005,10496
Blücherplatz,2006,10693
Blücherplatz,2007,10743
Blücherplatz,2008,10768
Blücherplatz,2009,10818
Blücherplatz,2010,10818
Blücherplatz,2011,10853
Blücherplatz,2012,10989
Blücherplatz,2013,11068
Blücherplatz,2014,11114
Blücherplatz,2015,11245
Blücherplatz,2016,11225
Blücherplatz,2017,11221
Blücherplatz,2018,11217
Blücherplatz,2019,11178
Blücherplatz,2020,11230
Blücherplatz,2021,11312
Wik,1988,17303
Wik,1989,17531
Wik,1990,17847
Wik,1991,17979
Wik,1992,18625
Wik,1993,18825
Wik,1994,18421
Wik,1995,18381
Wik,1996,18117
Wik,1997,17805
Wik,1998,17597
Wik,1999,17782
Wik,2000,17724
Wik,2001,17827
Wik,2002,17892
Wik,2003,17625
Wik,2004,17478
Wik,2005,17412
Wik,2006,17460
Wik,2007,17611
Wik,2008,17715
Wik,2009,17769
Wik,2010,17904
Wik,2011,18383
Wik,2012,18699
Wik,2013,18602
Wik,2014,18813
Wik,2015,19317
Wik,2016,19737
Wik,2017,19656
Wik,2018,19695
Wik,2019,19561
Wik,2020,19565
Wik,2021,19487
Ravensberg,1988,10552
Ravensberg,1989,10733
Ravensberg,1990,10871
Ravensberg,1991,11200
Ravensberg,1992,11403
Ravensberg,1993,11287
Ravensberg,1994,11013
Ravensberg,1995,11003
Ravensberg,1996,10878
Ravensberg,1997,10941
Ravensberg,1998,10975
Ravensberg,1999,10764
Ravensberg,2000,10687
Ravensberg,2001,10758
Ravensberg,2002,10786
Ravensberg,2003,10779
Ravensberg,2004,10769
Ravensberg,2005,11008
Ravensberg,2006,11138
Ravensberg,2007,11181
Ravensberg,2008,11397
Ravensberg,2009,11483
Ravensberg,2010,11581
Ravensberg,2011,11760
Ravensberg,2012,11955
Ravensberg,2013,11998
Ravensberg,2014,12081
Ravensberg,2015,12246
Ravensberg,2016,12386
Ravensberg,2017,12423
Ravensberg,2018,12182
Ravensberg,2019,12160
Ravensberg,2020,12245
Ravensberg,2021,12201
Schreventeich,1988,11823
Schreventeich,1989,12001
Schreventeich,1990,12063
Schreventeich,1991,12148
Schreventeich,1992,12209
Schreventeich,1993,12060
Schreventeich,1994,11791
Schreventeich,1995,11741
Schreventeich,1996,11590
Schreventeich,1997,11397
Schreventeich,1998,11167
Schreventeich,1999,10876
Schreventeich,2000,10881
Schreventeich,2001,10964
Schreventeich,2002,10937
Schreventeich,2003,10813
Schreventeich,2004,10967
Schreventeich,2005,11077
Schreventeich,2006,11191
Schreventeich,2007,11279
Schreventeich,2008,11345
Schreventeich,2009,11432
Schreventeich,2010,11427
Schreventeich,2011,11517
Schreventeich,2012,11686
Schreventeich,2013,11837
Schreventeich,2014,11878
Schreventeich,2015,11898
Schreventeich,2016,11907
Schreventeich,2017,11888
Schreventeich,2018,11978
Schreventeich,2019,11869
Schreventeich,2020,11844
Schreventeich,2021,11714
Südfriedhof,1988,14230
Südfriedhof,1989,14480
Südfriedhof,1990,14582
Südfriedhof,1991,14637
Südfriedhof,1992,14566
Südfriedhof,1993,14758
Südfriedhof,1994,14540
Südfriedhof,1995,14647
Südfriedhof,1996,14360
Südfriedhof,1997,14371
Südfriedhof,1998,14064
Südfriedhof,1999,13664
Südfriedhof,2000,13619
Südfriedhof,2001,13533
Südfriedhof,2002,13674
Südfriedhof,2003,13623
Südfriedhof,2004,13697
Südfriedhof,2005,13827
Südfriedhof,2006,14154
Südfriedhof,2007,14393
Südfriedhof,2008,14323
Südfriedhof,2009,14255
Südfriedhof,2010,14206
Südfriedhof,2011,14511
Südfriedhof,2012,14692
Südfriedhof,2013,14742
Südfriedhof,2014,14895
Südfriedhof,2015,15102
Südfriedhof,2016,15282
Südfriedhof,2017,15336
Südfriedhof,2018,15387
Südfriedhof,2019,15212
Südfriedhof,2020,15310
Südfriedhof,2021,15129
Gaarden-Ost,1988,16603
Gaarden-Ost,1989,16635
Gaarden-Ost,1990,16897
Gaarden-Ost,1991,16980
Gaarden-Ost,1992,17356
Gaarden-Ost,1993,17090
Gaarden-Ost,1994,16907
Gaarden-Ost,1995,16689
Gaarden-Ost,1996,16481
Gaarden-Ost,1997,16171
Gaarden-Ost,1998,16221
Gaarden-Ost,1999,15941
Gaarden-Ost,2000,15934
Gaarden-Ost,2001,15899
Gaarden-Ost,2002,16018
Gaarden-Ost,2003,16050
Gaarden-Ost,2004,16086
Gaarden-Ost,2005,16085
Gaarden-Ost,2006,16187
Gaarden-Ost,2007,16208
Gaarden-Ost,2008,16287
Gaarden-Ost,2009,16375
Gaarden-Ost,2010,16289
Gaarden-Ost,2011,16386
Gaarden-Ost,2012,16500
Gaarden-Ost,2013,16986
Gaarden-Ost,2014,17662
Gaarden-Ost,2015,18314
Gaarden-Ost,2016,18906
Gaarden-Ost,2017,18878
Gaarden-Ost,2018,18633
Gaarden-Ost,2019,18558
Gaarden-Ost,2020,18677
Gaarden-Ost,2021,18728
Gaarden-Süd/Kronsburg,1988,11840
Gaarden-Süd/Kronsburg,1989,11815
Gaarden-Süd/Kronsburg,1990,11890
Gaarden-Süd/Kronsburg,1991,11860
Gaarden-Süd/Kronsburg,1992,11858
Gaarden-Süd/Kronsburg,1993,11705
Gaarden-Süd/Kronsburg,1994,11609
Gaarden-Süd/Kronsburg,1995,11508
Gaarden-Süd/Kronsburg,1996,11331
Gaarden-Süd/Kronsburg,1997,11053
Gaarden-Süd/Kronsburg,1998,10852
Gaarden-Süd/Kronsburg,1999,10714
Gaarden-Süd/Kronsburg,2000,10505
Gaarden-Süd/Kronsburg,2001,10543
Gaarden-Süd/Kronsburg,2002,10416
Gaarden-Süd/Kronsburg,2003,10393
Gaarden-Süd/Kronsburg,2004,10348
Gaarden-Süd/Kronsburg,2005,10324
Gaarden-Süd/Kronsburg,2006,10404
Gaarden-Süd/Kronsburg,2007,10382
Gaarden-Süd/Kronsburg,2008,10356
Gaarden-Süd/Kronsburg,2009,10429
Gaarden-Süd/Kronsburg,2010,10458
Gaarden-Süd/Kronsburg,2011,10393
Gaarden-Süd/Kronsburg,2012,10454
Gaarden-Süd/Kronsburg,2013,10390
Gaarden-Süd/Kronsburg,2014,10538
Gaarden-Süd/Kronsburg,2015,10587
Gaarden-Süd/Kronsburg,2016,10687
Gaarden-Süd/Kronsburg,2017,10764
Gaarden-Süd/Kronsburg,2018,10699
Gaarden-Süd/Kronsburg,2019,10635
Gaarden-Süd/Kronsburg,2020,10646
Gaarden-Süd/Kronsburg,2021,10680
Hassee,1988,11958
Hassee,1989,12085
Hassee,1990,12223
Hassee,1991,12252
Hassee,1992,12362
Hassee,1993,12307
Hassee,1994,12346
Hassee,1995,12349
Hassee,1996,12239
Hassee,1997,12079
Hassee,1998,12016
Hassee,1999,11935
Hassee,2000,11803
Hassee,2001,11785
Hassee,2002,11757
Hassee,2003,11891
Hassee,2004,11857
Hassee,2005,11913
Hassee,2006,11934
Hassee,2007,11932
Hassee,2008,11897
Hassee,2009,12015
Hassee,2010,12028
Hassee,2011,12082
Hassee,2012,12149
Hassee,2013,12192
Hassee,2014,12246
Hassee,2015,12334
Hassee,2016,12306
Hassee,2017,12347
Hassee,2018,12340
Hassee,2019,12477
Hassee,2020,12414
Hassee,2021,12471
Hasseldieksdamm,1988,3006
Hasseldieksdamm,1989,2982
Hasseldieksdamm,1990,2954
Hasseldieksdamm,1991,2936
Hasseldieksdamm,1992,2905
Hasseldieksdamm,1993,2905
Hasseldieksdamm,1994,2897
Hasseldieksdamm,1995,2864
Hasseldieksdamm,1996,2838
Hasseldieksdamm,1997,2808
Hasseldieksdamm,1998,2760
Hasseldieksdamm,1999,2763
Hasseldieksdamm,2000,2765
Hasseldieksdamm,2001,2699
Hasseldieksdamm,2002,2820
Hasseldieksdamm,2003,2836
Hasseldieksdamm,2004,2804
Hasseldieksdamm,2005,2847
Hasseldieksdamm,2006,2836
Hasseldieksdamm,2007,2835
Hasseldieksdamm,2008,2843
Hasseldieksdamm,2009,2840
Hasseldieksdamm,2010,2808
Hasseldieksdamm,2011,2767
Hasseldieksdamm,2012,2783
Hasseldieksdamm,2013,2801
Hasseldieksdamm,2014,2797
Hasseldieksdamm,2015,2838
Hasseldieksdamm,2016,2853
Hasseldieksdamm,2017,2852
Hasseldieksdamm,2018,2827
Hasseldieksdamm,2019,2801
Hasseldieksdamm,2020,2836
Hasseldieksdamm,2021,2805
Ellerbek,1988,6690
Ellerbek,1989,6735
Ellerbek,1990,6738
Ellerbek,1991,6658
Ellerbek,1992,6632
Ellerbek,1993,6613
Ellerbek,1994,6519
Ellerbek,1995,6407
Ellerbek,1996,6256
Ellerbek,1997,6224
Ellerbek,1998,5967
Ellerbek,1999,5770
Ellerbek,2000,5703
Ellerbek,2001,5727
Ellerbek,2002,5786
Ellerbek,2003,5761
Ellerbek,2004,5723
Ellerbek,2005,5646
Ellerbek,2006,5652
Ellerbek,2007,5734
Ellerbek,2008,5780
Ellerbek,2009,5833
Ellerbek,2010,5841
Ellerbek,2011,5793
Ellerbek,2012,5818
Ellerbek,2013,5793
Ellerbek,2014,5894
Ellerbek,2015,6003
Ellerbek,2016,6226
Ellerbek,2017,6321
Ellerbek,2018,6363
Ellerbek,2019,6322
Ellerbek,2020,6319
Ellerbek,2021,6216
Wellingdorf,1988,9001
Wellingdorf,1989,8992
Wellingdorf,1990,9017
Wellingdorf,1991,9040
Wellingdorf,1992,9125
Wellingdorf,1993,8964
Wellingdorf,1994,8861
Wellingdorf,1995,8770
Wellingdorf,1996,8555
Wellingdorf,1997,8299
Wellingdorf,1998,7950
Wellingdorf,1999,7838
Wellingdorf,2000,7767
Wellingdorf,2001,7642
Wellingdorf,2002,7754
Wellingdorf,2003,7763
Wellingdorf,2004,7738
Wellingdorf,2005,7706
Wellingdorf,2006,7714
Wellingdorf,2007,7845
Wellingdorf,2008,7877
Wellingdorf,2009,7901
Wellingdorf,2010,7989
Wellingdorf,2011,7979
Wellingdorf,2012,8028
Wellingdorf,2013,8034
Wellingdorf,2014,7984
Wellingdorf,2015,8010
Wellingdorf,2016,8083
Wellingdorf,2017,8032
Wellingdorf,2018,8026
Wellingdorf,2019,8049
Wellingdorf,2020,8024
Wellingdorf,2021,8067
Holtenau,1988,6073
Holtenau,1989,6070
Holtenau,1990,6132
Holtenau,1991,6065
Holtenau,1992,6015
Holtenau,1993,6026
Holtenau,1994,5910
Holtenau,1995,5899
Holtenau,1996,5808
Holtenau,1997,5643
Holtenau,1998,5578
Holtenau,1999,5470
Holtenau,2000,5348
Holtenau,2001,5358
Holtenau,2002,5403
Holtenau,2003,5344
Holtenau,2004,5342
Holtenau,2005,5297
Holtenau,2006,5266
Holtenau,2007,5273
Holtenau,2008,5239
Holtenau,2009,5276
Holtenau,2010,5194
Holtenau,2011,5212
Holtenau,2012,5222
Holtenau,2013,5226
Holtenau,2014,5204
Holtenau,2015,5994
Holtenau,2016,5887
Holtenau,2017,5702
Holtenau,2018,5763
Holtenau,2019,5627
Holtenau,2020,5715
Holtenau,2021,5785
Pries,1988,8217
Pries,1989,8310
Pries,1990,8231
Pries,1991,8173
Pries,1992,8206
Pries,1993,8148
Pries,1994,8099
Pries,1995,7908
Pries,1996,7833
Pries,1997,7661
Pries,1998,7477
Pries,1999,7420
Pries,2000,7428
Pries,2001,7478
Pries,2002,7367
Pries,2003,7511
Pries,2004,7429
Pries,2005,7348
Pries,2006,7298
Pries,2007,7276
Pries,2008,7278
Pries,2009,7281
Pries,2010,7273
Pries,2011,7291
Pries,2012,7247
Pries,2013,7377
Pries,2014,7381
Pries,2015,7450
Pries,2016,7493
Pries,2017,7421
Pries,2018,7422
Pries,2019,7307
Pries,2020,7267
Pries,2021,7273
Friedrichsort,1988,2244
Friedrichsort,1989,2309
Friedrichsort,1990,2333
Friedrichsort,1991,2471
Friedrichsort,1992,2509
Friedrichsort,1993,2537
Friedrichsort,1994,2377
Friedrichsort,1995,2335
Friedrichsort,1996,2322
Friedrichsort,1997,2361
Friedrichsort,1998,2350
Friedrichsort,1999,2309
Friedrichsort,2000,2439
Friedrichsort,2001,2483
Friedrichsort,2002,2431
Friedrichsort,2003,2289
Friedrichsort,2004,2395
Friedrichsort,2005,2364
Friedrichsort,2006,2392
Friedrichsort,2007,2396
Friedrichsort,2008,2373
Friedrichsort,2009,2203
Friedrichsort,2010,2153
Friedrichsort,2011,2159
Friedrichsort,2012,2144
Friedrichsort,2013,2102
Friedrichsort,2014,2059
Friedrichsort,2015,2095
Friedrichsort,2016,2096
Friedrichsort,2017,2092
Friedrichsort,2018,2083
Friedrichsort,2019,2069
Friedrichsort,2020,2076
Friedrichsort,2021,2041
Neumühlen/Dietrichsdorf,1988,12828
Neumühlen/Dietrichsdorf,1989,12851
Neumühlen/Dietrichsdorf,1990,12929
Neumühlen/Dietrichsdorf,1991,12893
Neumühlen/Dietrichsdorf,1992,12944
Neumühlen/Dietrichsdorf,1993,12848
Neumühlen/Dietrichsdorf,1994,12754
Neumühlen/Dietrichsdorf,1995,12722
Neumühlen/Dietrichsdorf,1996,12764
Neumühlen/Dietrichsdorf,1997,12563
Neumühlen/Dietrichsdorf,1998,12496
Neumühlen/Dietrichsdorf,1999,12238
Neumühlen/Dietrichsdorf,2000,11996
Neumühlen/Dietrichsdorf,2001,12029
Neumühlen/Dietrichsdorf,2002,12031
Neumühlen/Dietrichsdorf,2003,11963
Neumühlen/Dietrichsdorf,2004,11954
Neumühlen/Dietrichsdorf,2005,11877
Neumühlen/Dietrichsdorf,2006,11812
Neumühlen/Dietrichsdorf,2007,11771
Neumühlen/Dietrichsdorf,2008,11729
Neumühlen/Dietrichsdorf,2009,11787
Neumühlen/Dietrichsdorf,2010,11914
Neumühlen/Dietrichsdorf,2011,11866
Neumühlen/Dietrichsdorf,2012,11920
Neumühlen/Dietrichsdorf,2013,11910
Neumühlen/Dietrichsdorf,2014,12005
Neumühlen/Dietrichsdorf,2015,12173
Neumühlen/Dietrichsdorf,2016,12631
Neumühlen/Dietrichsdorf,2017,12731
Neumühlen/Dietrichsdorf,2018,12677
Neumühlen/Dietrichsdorf,2019,12742
Neumühlen/Dietrichsdorf,2020,12562
Neumühlen/Dietrichsdorf,2021,12610
Elmschenhagen,1988,17645
Elmschenhagen,1989,17886
Elmschenhagen,1990,17958
Elmschenhagen,1991,18098
Elmschenhagen,1992,18100
Elmschenhagen,1993,18245
Elmschenhagen,1994,18277
Elmschenhagen,1995,18214
Elmschenhagen,1996,17980
Elmschenhagen,1997,17819
Elmschenhagen,1998,17725
Elmschenhagen,1999,17530
Elmschenhagen,2000,17387
Elmschenhagen,2001,17274
Elmschenhagen,2002,17381
Elmschenhagen,2003,17441
Elmschenhagen,2004,17411
Elmschenhagen,2005,17481
Elmschenhagen,2006,17463
Elmschenhagen,2007,17362
Elmschenhagen,2008,17209
Elmschenhagen,2009,17147
Elmschenhagen,2010,17120
Elmschenhagen,2011,17240
Elmschenhagen,2012,17152
Elmschenhagen,2013,17103
Elmschenhagen,2014,17037
Elmschenhagen,2015,17192
Elmschenhagen,2016,17196
Elmschenhagen,2017,17220
Elmschenhagen,2018,17284
Elmschenhagen,2019,17264
Elmschenhagen,2020,17193
Elmschenhagen,2021,17125
Suchsdorf,1988,8033
Suchsdorf,1989,8062
Suchsdorf,1990,8141
Suchsdorf,1991,8151
Suchsdorf,1992,8132
Suchsdorf,1993,8108
Suchsdorf,1994,8160
Suchsdorf,1995,8179
Suchsdorf,1996,8105
Suchsdorf,1997,8058
Suchsdorf,1998,7891
Suchsdorf,1999,7813
Suchsdorf,2000,7766
Suchsdorf,2001,7751
Suchsdorf,2002,7851
Suchsdorf,2003,8133
Suchsdorf,2004,8441
Suchsdorf,2005,8680
Suchsdorf,2006,8792
Suchsdorf,2007,8984
Suchsdorf,2008,9098
Suchsdorf,2009,9197
Suchsdorf,2010,9278
Suchsdorf,2011,9451
Suchsdorf,2012,9449
Suchsdorf,2013,9427
Suchsdorf,2014,9427
Suchsdorf,2015,9436
Suchsdorf,2016,9414
Suchsdorf,2017,9396
Suchsdorf,2018,9339
Suchsdorf,2019,9314
Suchsdorf,2020,9262
Suchsdorf,2021,9241
Schilksee,1988,6188
Schilksee,1989,6145
Schilksee,1990,6106
Schilksee,1991,6029
Schilksee,1992,5978
Schilksee,1993,5874
Schilksee,1994,5780
Schilksee,1995,5869
Schilksee,1996,5804
Schilksee,1997,5778
Schilksee,1998,5727
Schilksee,1999,5643
Schilksee,2000,5640
Schilksee,2001,5590
Schilksee,2002,5561
Schilksee,2003,5533
Schilksee,2004,5376
Schilksee,2005,5348
Schilksee,2006,5317
Schilksee,2007,5263
Schilksee,2008,5158
Schilksee,2009,5204
Schilksee,2010,5220
Schilksee,2011,5181
Schilksee,2012,5126
Schilksee,2013,5070
Schilksee,2014,5030
Schilksee,2015,4983
Schilksee,2016,5097
Schilksee,2017,5027
Schilksee,2018,4973
Schilksee,2019,4905
Schilksee,2020,4926
Schilksee,2021,4925
Mettenhof,1988,19791
Mettenhof,1989,20039
Mettenhof,1990,20284
Mettenhof,1991,20271
Mettenhof,1992,20214
Mettenhof,1993,20129
Mettenhof,1994,19947
Mettenhof,1995,19918
Mettenhof,1996,19883
Mettenhof,1997,19457
Mettenhof,1998,19102
Mettenhof,1999,18542
Mettenhof,2000,18445
Mettenhof,2001,18550
Mettenhof,2002,18433
Mettenhof,2003,18485
Mettenhof,2004,18497
Mettenhof,2005,18542
Mettenhof,2006,18630
Mettenhof,2007,18795
Mettenhof,2008,18865
Mettenhof,2009,18849
Mettenhof,2010,18973
Mettenhof,2011,19028
Mettenhof,2012,19146
Mettenhof,2013,19127
Mettenhof,2014,19425
Mettenhof,2015,19715
Mettenhof,2016,19959
Mettenhof,2017,20031
Mettenhof,2018,20008
Mettenhof,2019,19897
Mettenhof,2020,19919
Mettenhof,2021,20056
Russee,1988,5194
Russee,1989,5650
Russee,1990,5964
Russee,1991,6327
Russee,1992,6636
Russee,1993,6984
Russee,1994,7178
Russee,1995,7331
Russee,1996,7390
Russee,1997,7375
Russee,1998,7276
Russee,1999,7274
Russee,2000,7295
Russee,2001,7329
Russee,2002,7385
Russee,2003,7467
Russee,2004,7444
Russee,2005,7513
Russee,2006,7455
Russee,2007,7454
Russee,2008,7342
Russee,2009,7313
Russee,2010,7297
Russee,2011,7173
Russee,2012,7160
Russee,2013,7077
Russee,2014,7087
Russee,2015,7057
Russee,2016,7113
Russee,2017,7076
Russee,2018,7066
Russee,2019,7054
Russee,2020,7012
Russee,2021,6988
Meimersdorf,1988,1003
Meimersdorf,1989,1000
Meimersdorf,1990,983
Meimersdorf,1991,995
Meimersdorf,1992,1006
Meimersdorf,1993,990
Meimersdorf,1994,1006
Meimersdorf,1995,990
Meimersdorf,1996,1016
Meimersdorf,1997,998
Meimersdorf,1998,974
Meimersdorf,1999,1005
Meimersdorf,2000,1126
Meimersdorf,2001,1230
Meimersdorf,2002,1442
Meimersdorf,2003,1653
Meimersdorf,2004,1785
Meimersdorf,2005,1866
Meimersdorf,2006,2020
Meimersdorf,2007,2122
Meimersdorf,2008,2252
Meimersdorf,2009,2384
Meimersdorf,2010,2694
Meimersdorf,2011,2828
Meimersdorf,2012,2967
Meimersdorf,2013,2980
Meimersdorf,2014,3064
Meimersdorf,2015,3288
Meimersdorf,2016,3282
Meimersdorf,2017,3359
Meimersdorf,2018,3326
Meimersdorf,2019,3313
Meimersdorf,2020,3292
Meimersdorf,2021,3264
Moorsee,1988,1204
Moorsee,1989,1247
Moorsee,1990,1284
Moorsee,1991,1341
Moorsee,1992,1381
Moorsee,1993,1454
Moorsee,1994,1409
Moorsee,1995,1376
Moorsee,1996,1396
Moorsee,1997,1422
Moorsee,1998,1402
Moorsee,1999,1402
Moorsee,2000,1406
Moorsee,2001,1413
Moorsee,2002,1406
Moorsee,2003,1417
Moorsee,2004,1374
Moorsee,2005,1420
Moorsee,2006,1508
Moorsee,2007,1575
Moorsee,2008,1622
Moorsee,2009,1683
Moorsee,2010,1734
Moorsee,2011,1769
Moorsee,2012,1822
Moorsee,2013,1967
Moorsee,2014,1947
Moorsee,2015,1980
Moorsee,2016,2079
Moorsee,2017,2094
Moorsee,2018,2098
Moorsee,2019,2094
Moorsee,2020,2109
Moorsee,2021,2168
Wellsee,1988,3134
Wellsee,1989,3149
Wellsee,1990,3199
Wellsee,1991,3271
Wellsee,1992,3439
Wellsee,1993,3616
Wellsee,1994,3828
Wellsee,1995,3852
Wellsee,1996,4259
Wellsee,1997,4858
Wellsee,1998,5092
Wellsee,1999,5110
Wellsee,2000,5070
Wellsee,2001,5073
Wellsee,2002,5040
Wellsee,2003,5060
Wellsee,2004,5061
Wellsee,2005,5052
Wellsee,2006,5100
Wellsee,2007,5048
Wellsee,2008,5059
Wellsee,2009,5101
Wellsee,2010,5094
Wellsee,2011,5083
Wellsee,2012,5098
Wellsee,2013,5080
Wellsee,2014,5154
Wellsee,2015,5208
Wellsee,2016,5264
Wellsee,2017,5325
Wellsee,2018,5302
Wellsee,2019,5350
Wellsee,2020,5365
Wellsee,2021,5282
Rönne,1988,466
Rönne,1989,473
Rönne,1990,460
Rönne,1991,473
Rönne,1992,473
Rönne,1993,466
Rönne,1994,463
Rönne,1995,456
Rönne,1996,463
Rönne,1997,462
Rönne,1998,460
Rönne,1999,434
Rönne,2000,449
Rönne,2001,443
Rönne,2002,430
Rönne,2003,426
Rönne,2004,416
Rönne,2005,419
Rönne,2006,413
Rönne,2007,424
Rönne,2008,422
Rönne,2009,435
Rönne,2010,435
Rönne,2011,428
Rönne,2012,418
Rönne,2013,423
Rönne,2014,428
Rönne,2015,428
Rönne,2016,430
Rönne,2017,425
Rönne,2018,425
Rönne,2019,436
Rönne,2020,423
Rönne,2021,406
Kiel_insgesamt,1988,237122
Kiel_insgesamt,1989,239699
Kiel_insgesamt,1990,241934
Kiel_insgesamt,1991,243413
Kiel_insgesamt,1992,245455
Kiel_insgesamt,1993,244918
Kiel_insgesamt,1994,242715
Kiel_insgesamt,1995,242181
Kiel_insgesamt,1996,239855
Kiel_insgesamt,1997,237030
Kiel_insgesamt,1998,233987
Kiel_insgesamt,1999,230463
Kiel_insgesamt,2000,229044
Kiel_insgesamt,2001,229220
Kiel_insgesamt,2002,229751
Kiel_insgesamt,2003,229901
Kiel_insgesamt,2004,230033
Kiel_insgesamt,2005,230897
Kiel_insgesamt,2006,232340
Kiel_insgesamt,2007,233701
Kiel_insgesamt,2008,234267
Kiel_insgesamt,2009,235264
Kiel_insgesamt,2010,236008
Kiel_insgesamt,2011,237584
Kiel_insgesamt,2012,239320
Kiel_insgesamt,2013,240299
Kiel_insgesamt,2014,242340
Kiel_insgesamt,2015,246269
Kiel_insgesamt,2016,249023
Kiel_insgesamt,2017,249190
Kiel_insgesamt,2018,248792
Kiel_insgesamt,2019,247777
Kiel_insgesamt,2020,247863
Kiel_insgesamt,2021,247546
